{"cameraMode":{"drawMode":0,"name":"Shaded","section":"Shading Mode"},"sceneLighting":false,"audioPlay":false,"sceneViewState":{"showFog":true,"showMaterialUpdate":false,"showSkybox":false,"showFlares":true,"showImageEffects":true,"showParticleSystems":true},"in2DMode":false,"pivot":{"x":0.0,"y":0.44602343440055849,"z":-0.08728188276290894},"rotation":{"x":0.07715734839439392,"y":0.9213196039199829,"z":-0.2956324815750122,"w":0.24045611917972566},"size":1.3987797498703004,"orthographic":false}