{"cameraMode":{"drawMode":0,"name":"Shaded","section":"Shading Mode"},"sceneLighting":false,"audioPlay":false,"sceneViewState":{"showFog":true,"showMaterialUpdate":false,"showSkybox":false,"showFlares":true,"showImageEffects":true,"showParticleSystems":true},"in2DMode":false,"pivot":{"x":0.02226439118385315,"y":0.7814799547195435,"z":0.4024534821510315},"rotation":{"x":0.19330041110515595,"y":0.13782890141010285,"z":-0.027437439188361169,"w":0.9710232019424439},"size":1.407075047492981,"orthographic":false}