{"cameraMode":{"drawMode":0,"name":"Shaded","section":"Shading Mode"},"sceneLighting":false,"audioPlay":false,"sceneViewState":{"showFog":true,"showMaterialUpdate":false,"showSkybox":false,"showFlares":true,"showImageEffects":true,"showParticleSystems":true},"in2DMode":false,"pivot":{"x":0.0,"y":-0.020647943019866945,"z":0.07741482555866242},"rotation":{"x":-0.24051590263843537,"y":-0.4186535179615021,"z":0.11600565910339356,"w":-0.8680016398429871},"size":0.46101516485214236,"orthographic":false}